Batch_id,Part_id,Weight,Machine_id,Shift
B001,P00001,50.25,M03,Morning
B001,P00002,49.26,M01,Night
B001,P00003,50.19,M02,Night
B001,P00004,48.89,M01,Night
B001,P00005,49.6,M02,Morning
B001,P00006,49.37,M01,Morning
B001,P00007,46.96,M04,Afternoon
B001,P00008,51.14,M01,Night
B001,P00009,49.09,M03,Night
B001,P00010,49.21,M04,Night
B001,P00011,49.54,M02,Afternoon
B001,P00012,50.32,M03,Morning
B001,P00013,48.22,M03,Morning
B001,P00014,50.05,M03,Afternoon
B001,P00015,49.38,M04,Morning
B001,P00016,49.75,M04,Night
B001,P00017,51.46,M04,Night
B001,P00018,50.05,M03,Afternoon
B001,P00019,48.48,M01,Afternoon
B001,P00020,51.61,M02,Afternoon
B001,P00021,47.69,M02,Afternoon
B001,P00022,48.85,M04,Afternoon
B001,P00023,49.46,M03,Night
B001,P00024,49.74,M04,Morning
B001,P00025,49.75,M02,Night
B001,P00026,51.37,M04,Morning
B001,P00027,50.7,M01,Morning
B001,P00028,50.67,M03,Night
B001,P00029,49.75,M01,Night
B001,P00030,49.25,M01,Night
B001,P00031,49.71,M01,Afternoon
B001,P00032,49.38,M02,Morning
B001,P00033,49.51,M03,Afternoon
B001,P00034,51.2,M01,Night
B001,P00035,50.73,M02,Night
B001,P00036,51.45,M03,Afternoon
B001,P00037,46.46,M03,Night
B001,P00038,51.29,M02,Morning
B001,P00039,49.53,M03,Night
B001,P00040,51.15,M01,Afternoon
B001,P00041,51.05,M01,Night
B001,P00042,52.74,M01,Morning
B001,P00043,49.13,M04,Night
B001,P00044,49.7,M02,Afternoon
B001,P00045,51.1,M01,Afternoon
B001,P00046,50.49,M04,Afternoon
B001,P00047,49.37,M02,Night
B001,P00048,49.57,M01,Night
B001,P00049,51.32,M02,Morning
B001,P00050,48.43,M01,Morning
B001,P00051,50.01,M01,Night
B001,P00052,49.72,M01,Afternoon
B001,P00053,49.59,M01,Morning
B001,P00054,48.64,M03,Night
B001,P00055,49.5,M02,Morning
B001,P00056,50.12,M02,Afternoon
B001,P00057,48.69,M03,Afternoon
B001,P00058,50.65,M04,Morning
B001,P00059,49.52,M03,Morning
B001,P00060,50.01,M03,Morning
B001,P00061,51.82,M04,Morning
B001,P00062,51.28,M01,Afternoon
B001,P00063,51.02,M04,Afternoon
B001,P00064,48.22,M03,Night
B001,P00065,49.84,M01,Night
B001,P00066,51.98,M02,Afternoon
B001,P00067,50.91,M02,Night
B001,P00068,50.65,M01,Night
B001,P00069,49.8,M02,Morning
B001,P00070,51.13,M04,Night
B001,P00071,49.66,M02,Night
B001,P00072,50.92,M03,Morning
B001,P00073,49.06,M01,Night
B001,P00074,49.21,M03,Night
B001,P00075,51.28,M02,Afternoon
B001,P00076,48.82,M02,Morning
B001,P00077,49.71,M04,Morning
B001,P00078,49.85,M04,Morning
B001,P00079,49.28,M01,Night
B001,P00080,48.58,M03,Night
B001,P00081,50.84,M04,Afternoon
B001,P00082,51.06,M03,Morning
B001,P00083,51.12,M04,Afternoon
B001,P00084,52.25,M04,Afternoon
B001,P00085,49.83,M01,Night
B001,P00086,47.28,M03,Morning
B001,P00087,49.99,M01,Morning
B001,P00088,49.64,M04,Night
B001,P00089,50.1,M03,Morning
B001,P00090,47.34,M03,Night
B001,P00091,50.95,M02,Night
B001,P00092,48.5,M02,Morning
B001,P00093,49.43,M03,Afternoon
B001,P00094,51.05,M01,Afternoon
B001,P00095,48.31,M01,Night
B001,P00096,49.96,M01,Night
B001,P00097,50.09,M04,Night
B001,P00098,50.53,M02,Morning
B001,P00099,51.03,M02,Night
B001,P00100,47.27,M03,Night
B002,P00101,49.84,M04,Morning
B002,P00102,49.53,M04,Night
B002,P00103,50.26,M01,Night
B002,P00104,48.11,M03,Afternoon
B002,P00105,49.24,M02,Night
B002,P00106,50.28,M04,Night
B002,P00107,50.37,M02,Night
B002,P00108,48.93,M02,Afternoon
B002,P00109,50.5,M01,Morning
B002,P00110,48.73,M03,Morning
B002,P00111,48.44,M02,Night
B002,P00112,49.49,M04,Morning
B002,P00113,49.43,M04,Afternoon
B002,P00114,49.45,M03,Night
B002,P00115,49.8,M03,Afternoon
B002,P00116,49.27,M02,Night
B002,P00117,47.85,M01,Afternoon
B002,P00118,50.73,M02,Afternoon
B002,P00119,49.23,M02,Morning
B002,P00120,49.6,M01,Morning
B002,P00121,51.55,M04,Morning
B002,P00122,49.92,M04,Afternoon
B002,P00123,51.24,M03,Night
B002,P00124,50.99,M01,Afternoon
B002,P00125,51.36,M04,Afternoon
B002,P00126,48.85,M03,Night
B002,P00127,49.17,M04,Afternoon
B002,P00128,52.29,M02,Afternoon
B002,P00129,50.38,M01,Night
B002,P00130,48.17,M04,Morning
B002,P00131,50.55,M04,Morning
B002,P00132,52.28,M02,Morning
B002,P00133,48.72,M03,Night
B002,P00134,48.46,M01,Afternoon
B002,P00135,49.72,M01,Morning
B002,P00136,52.55,M02,Afternoon
B002,P00137,48.55,M04,Morning
B002,P00138,50.17,M02,Morning
B002,P00139,51.45,M03,Afternoon
B002,P00140,51.89,M02,Night
B002,P00141,50.3,M02,Afternoon
B002,P00142,51.01,M04,Morning
B002,P00143,51.41,M01,Night
B002,P00144,50.74,M04,Afternoon
B002,P00145,52.16,M03,Morning
B002,P00146,47.66,M01,Night
B002,P00147,48.63,M01,Morning
B002,P00148,50.71,M01,Morning
B002,P00149,49.6,M04,Night
B002,P00150,50.17,M02,Night
B002,P00151,48.21,M03,Morning
B002,P00152,52.18,M02,Afternoon
B002,P00153,50.27,M02,Afternoon
B002,P00154,48.24,M02,Morning
B002,P00155,50.84,M02,Morning
B002,P00156,50.01,M04,Afternoon
B002,P00157,52.24,M01,Morning
B002,P00158,51.63,M03,Afternoon
B002,P00159,51.25,M01,Night
B002,P00160,50.37,M04,Morning
B002,P00161,51.47,M04,Morning
B002,P00162,50.63,M03,Morning
B002,P00163,49.91,M02,Morning
B002,P00164,53.9,M01,Afternoon
B002,P00165,50.47,M01,Night
B002,P00166,49.45,M03,Night
B002,P00167,51.65,M02,Night
B002,P00168,52.57,M01,Morning
B002,P00169,51.78,M03,Morning
B002,P00170,50.09,M03,Morning
B002,P00171,49.31,M02,Afternoon
B002,P00172,49.89,M03,Afternoon
B002,P00173,51.06,M01,Afternoon
B002,P00174,50.02,M02,Morning
B002,P00175,50.53,M01,Morning
B002,P00176,48.25,M01,Morning
B002,P00177,49.5,M02,Morning
B002,P00178,51.23,M03,Night
B002,P00179,48.78,M01,Afternoon
B002,P00180,50.6,M03,Night
B002,P00181,49.61,M02,Night
B002,P00182,48.51,M02,Afternoon
B002,P00183,50.77,M04,Morning
B002,P00184,50.48,M03,Morning
B002,P00185,49.44,M04,Afternoon
B002,P00186,47.05,M01,Morning
B002,P00187,50.38,M02,Morning
B002,P00188,50.78,M03,Morning
B002,P00189,49.53,M04,Night
B002,P00190,49.86,M03,Morning
B002,P00191,48.92,M01,Afternoon
B002,P00192,51.43,M03,Morning
B002,P00193,52.23,M03,Afternoon
B002,P00194,49.13,M04,Afternoon
B002,P00195,48.48,M04,Afternoon
B002,P00196,49.43,M04,Morning
B002,P00197,50.41,M01,Night
B002,P00198,52.25,M01,Morning
B002,P00199,49.02,M04,Morning
B002,P00200,50.89,M02,Night
B003,P00201,48.42,M01,Afternoon
B003,P00202,52.3,M04,Afternoon
B003,P00203,51.72,M02,Night
B003,P00204,49.54,M04,Night
B003,P00205,47.94,M01,Night
B003,P00206,51.92,M02,Night
B003,P00207,49.46,M03,Morning
B003,P00208,51.09,M03,Night
B003,P00209,50.01,M01,Morning
B003,P00210,50.06,M01,Morning
B003,P00211,49.46,M01,Afternoon
B003,P00212,51.05,M02,Morning
B003,P00213,50.44,M02,Morning
B003,P00214,50.92,M02,Morning
B003,P00215,49.01,M01,Afternoon
B003,P00216,49.94,M02,Afternoon
B003,P00217,50.44,M02,Afternoon
B003,P00218,51.96,M04,Morning
B003,P00219,49.62,M02,Morning
B003,P00220,52.65,M03,Night
B003,P00221,51.38,M01,Morning
B003,P00222,50.23,M03,Afternoon
B003,P00223,51.37,M04,Afternoon
B003,P00224,48.19,M02,Night
B003,P00225,49.28,M03,Night
B003,P00226,51.16,M02,Morning
B003,P00227,52.05,M04,Night
B003,P00228,47.94,M03,Morning
B003,P00229,47.96,M01,Morning
B003,P00230,50.03,M04,Morning
B003,P00231,47.82,M02,Afternoon
B003,P00232,49.49,M03,Night
B003,P00233,50.54,M04,Night
B003,P00234,48.97,M04,Morning
B003,P00235,50.16,M03,Night
B003,P00236,50.02,M01,Afternoon
B003,P00237,49.0,M03,Night
B003,P00238,51.55,M02,Morning
B003,P00239,52.32,M02,Morning
B003,P00240,52.96,M04,Afternoon
B003,P00241,49.85,M02,Afternoon
B003,P00242,48.62,M03,Morning
B003,P00243,52.66,M02,Morning
B003,P00244,49.86,M04,Afternoon
B003,P00245,49.81,M03,Night
B003,P00246,49.64,M03,Night
B003,P00247,51.02,M04,Afternoon
B003,P00248,49.36,M02,Afternoon
B003,P00249,50.69,M01,Afternoon
B003,P00250,50.67,M02,Night
B003,P00251,49.17,M03,Morning
B003,P00252,50.68,M03,Night
B003,P00253,49.17,M04,Morning
B003,P00254,50.29,M03,Morning
B003,P00255,50.09,M01,Night
B003,P00256,48.95,M01,Morning
B003,P00257,51.27,M01,Morning
B003,P00258,50.78,M01,Afternoon
B003,P00259,50.08,M03,Night
B003,P00260,52.08,M04,Morning
B003,P00261,48.27,M04,Night
B003,P00262,48.74,M04,Afternoon
B003,P00263,50.09,M04,Afternoon
B003,P00264,48.33,M02,Morning
B003,P00265,49.75,M01,Morning
B003,P00266,47.57,M02,Night
B003,P00267,51.26,M02,Afternoon
B003,P00268,49.77,M03,Afternoon
B003,P00269,52.45,M02,Morning
B003,P00270,50.21,M02,Morning
B003,P00271,48.2,M02,Night
B003,P00272,53.14,M01,Morning
B003,P00273,49.38,M02,Afternoon
B003,P00274,47.83,M01,Morning
B003,P00275,51.28,M04,Night
B003,P00276,51.22,M02,Morning
B003,P00277,50.06,M02,Night
B003,P00278,50.17,M03,Morning
B003,P00279,52.78,M02,Afternoon
B003,P00280,47.97,M02,Afternoon
B003,P00281,52.87,M01,Afternoon
B003,P00282,48.87,M03,Afternoon
B003,P00283,50.14,M03,Morning
B003,P00284,51.07,M02,Afternoon
B003,P00285,50.1,M01,Night
B003,P00286,50.11,M02,Morning
B003,P00287,49.39,M04,Night
B003,P00288,51.01,M02,Night
B003,P00289,50.65,M01,Morning
B003,P00290,51.54,M02,Afternoon
B003,P00291,49.78,M04,Morning
B003,P00292,51.24,M04,Night
B003,P00293,50.4,M04,Afternoon
B003,P00294,50.97,M01,Night
B003,P00295,47.37,M03,Night
B003,P00296,50.8,M03,Night
B003,P00297,47.55,M02,Afternoon
B003,P00298,51.32,M03,Night
B003,P00299,50.01,M03,Afternoon
B003,P00300,49.5,M01,Morning
B004,P00301,50.32,M04,Afternoon
B004,P00302,50.6,M02,Morning
B004,P00303,51.0,M01,Morning
B004,P00304,49.27,M02,Afternoon
B004,P00305,52.27,M02,Afternoon
B004,P00306,50.25,M02,Afternoon
B004,P00307,49.06,M01,Night
B004,P00308,47.46,M04,Night
B004,P00309,46.91,M01,Morning
B004,P00310,49.54,M01,Afternoon
B004,P00311,51.2,M03,Night
B004,P00312,52.7,M02,Night
B004,P00313,48.19,M03,Morning
B004,P00314,48.78,M03,Night
B004,P00315,51.21,M02,Afternoon
B004,P00316,50.36,M04,Afternoon
B004,P00317,51.34,M02,Morning
B004,P00318,48.48,M03,Morning
B004,P00319,49.15,M04,Morning
B004,P00320,50.67,M04,Night
B004,P00321,52.21,M02,Morning
B004,P00322,49.49,M04,Morning
B004,P00323,49.11,M02,Night
B004,P00324,49.85,M01,Afternoon
B004,P00325,49.73,M02,Afternoon
B004,P00326,51.44,M02,Night
B004,P00327,48.89,M03,Night
B004,P00328,49.84,M01,Afternoon
B004,P00329,51.12,M04,Morning
B004,P00330,46.82,M03,Afternoon
B004,P00331,51.82,M02,Night
B004,P00332,49.02,M01,Night
B004,P00333,49.31,M03,Night
B004,P00334,49.27,M03,Afternoon
B004,P00335,51.3,M01,Morning
B004,P00336,48.09,M02,Afternoon
B004,P00337,48.88,M04,Afternoon
B004,P00338,50.72,M04,Morning
B004,P00339,50.13,M01,Afternoon
B004,P00340,51.46,M04,Morning
B004,P00341,48.55,M03,Morning
B004,P00342,47.67,M03,Night
B004,P00343,49.56,M04,Night
B004,P00344,47.45,M01,Morning
B004,P00345,50.36,M01,Afternoon
B004,P00346,51.4,M01,Afternoon
B004,P00347,52.52,M03,Night
B004,P00348,52.34,M01,Afternoon
B004,P00349,49.87,M02,Afternoon
B004,P00350,50.39,M04,Morning
B004,P00351,48.61,M03,Night
B004,P00352,50.71,M03,Afternoon
B004,P00353,51.42,M02,Morning
B004,P00354,51.53,M01,Morning
B004,P00355,50.47,M03,Night
B004,P00356,48.65,M01,Afternoon
B004,P00357,51.16,M01,Night
B004,P00358,50.31,M04,Night
B004,P00359,51.6,M04,Afternoon
B004,P00360,50.6,M04,Morning
B004,P00361,48.27,M02,Morning
B004,P00362,49.22,M02,Night
B004,P00363,51.13,M02,Night
B004,P00364,50.66,M04,Morning
B004,P00365,50.71,M03,Morning
B004,P00366,49.38,M03,Morning
B004,P00367,49.25,M04,Night
B004,P00368,47.91,M03,Night
B004,P00369,51.52,M04,Morning
B004,P00370,49.2,M01,Afternoon
B004,P00371,51.17,M01,Night
B004,P00372,50.06,M04,Morning
B004,P00373,52.34,M02,Night
B004,P00374,50.41,M02,Morning
B004,P00375,50.74,M01,Night
B004,P00376,48.86,M02,Afternoon
B004,P00377,49.65,M02,Morning
B004,P00378,48.67,M03,Afternoon
B004,P00379,50.29,M02,Morning
B004,P00380,51.93,M02,Morning
B004,P00381,52.17,M01,Morning
B004,P00382,49.97,M01,Afternoon
B004,P00383,49.22,M02,Morning
B004,P00384,48.51,M03,Afternoon
B004,P00385,48.9,M04,Morning
B004,P00386,50.61,M01,Morning
B004,P00387,50.76,M02,Morning
B004,P00388,47.26,M04,Afternoon
B004,P00389,49.68,M04,Afternoon
B004,P00390,50.34,M04,Night
B004,P00391,48.47,M02,Morning
B004,P00392,49.14,M04,Morning
B004,P00393,50.25,M03,Night
B004,P00394,49.76,M03,Night
B004,P00395,50.04,M04,Afternoon
B004,P00396,48.96,M02,Night
B004,P00397,49.41,M04,Night
B004,P00398,50.45,M02,Night
B004,P00399,51.38,M01,Night
B004,P00400,49.16,M01,Morning
B005,P00401,51.99,M01,Morning
B005,P00402,49.25,M04,Afternoon
B005,P00403,51.18,M01,Night
B005,P00404,49.29,M01,Morning
B005,P00405,50.26,M01,Afternoon
B005,P00406,52.44,M04,Afternoon
B005,P00407,51.08,M04,Night
B005,P00408,50.34,M03,Morning
B005,P00409,51.93,M02,Afternoon
B005,P00410,51.23,M01,Morning
B005,P00411,50.42,M02,Night
B005,P00412,49.36,M01,Night
B005,P00413,47.96,M02,Morning
B005,P00414,49.26,M03,Morning
B005,P00415,49.37,M03,Morning
B005,P00416,49.42,M03,Night
B005,P00417,51.63,M01,Afternoon
B005,P00418,46.35,M03,Morning
B005,P00419,51.38,M02,Night
B005,P00420,47.59,M01,Afternoon
B005,P00421,46.56,M03,Morning
B005,P00422,51.16,M03,Night
B005,P00423,52.05,M03,Morning
B005,P00424,50.58,M01,Afternoon
B005,P00425,48.38,M01,Morning
B005,P00426,50.3,M03,Night
B005,P00427,51.16,M02,Afternoon
B005,P00428,49.66,M03,Night
B005,P00429,51.07,M03,Afternoon
B005,P00430,49.18,M01,Afternoon
B005,P00431,48.07,M01,Morning
B005,P00432,50.68,M01,Afternoon
B005,P00433,50.64,M02,Morning
B005,P00434,47.5,M01,Afternoon
B005,P00435,47.77,M01,Night
B005,P00436,49.94,M02,Afternoon
B005,P00437,50.26,M02,Morning
B005,P00438,50.28,M01,Morning
B005,P00439,49.9,M04,Night
B005,P00440,49.11,M04,Night
B005,P00441,50.18,M02,Night
B005,P00442,50.17,M04,Morning
B005,P00443,49.95,M03,Afternoon
B005,P00444,53.25,M02,Night
B005,P00445,49.55,M02,Morning
B005,P00446,48.93,M03,Afternoon
B005,P00447,48.5,M01,Morning
B005,P00448,50.69,M01,Night
B005,P00449,48.06,M04,Afternoon
B005,P00450,49.81,M03,Afternoon
B005,P00451,52.98,M02,Afternoon
B005,P00452,49.2,M01,Night
B005,P00453,47.31,M01,Morning
B005,P00454,48.55,M03,Morning
B005,P00455,50.65,M01,Night
B005,P00456,51.3,M01,Night
B005,P00457,47.5,M03,Afternoon
B005,P00458,48.59,M04,Night
B005,P00459,50.66,M01,Afternoon
B005,P00460,50.15,M04,Morning
B005,P00461,50.15,M04,Morning
B005,P00462,50.84,M03,Afternoon
B005,P00463,50.92,M03,Afternoon
B005,P00464,50.16,M01,Afternoon
B005,P00465,49.65,M04,Night
B005,P00466,50.26,M03,Night
B005,P00467,48.7,M04,Morning
B005,P00468,49.11,M01,Afternoon
B005,P00469,48.99,M04,Night
B005,P00470,50.71,M01,Night
B005,P00471,51.25,M01,Afternoon
B005,P00472,50.19,M02,Afternoon
B005,P00473,50.38,M04,Night
B005,P00474,50.12,M02,Afternoon
B005,P00475,50.03,M02,Morning
B005,P00476,50.1,M04,Morning
B005,P00477,50.33,M02,Night
B005,P00478,49.71,M03,Afternoon
B005,P00479,49.73,M04,Morning
B005,P00480,50.56,M02,Night
B005,P00481,50.19,M02,Morning
B005,P00482,50.43,M04,Night
B005,P00483,49.76,M02,Morning
B005,P00484,49.83,M03,Morning
B005,P00485,49.82,M04,Afternoon
B005,P00486,52.52,M02,Afternoon
B005,P00487,49.4,M04,Night
B005,P00488,51.89,M03,Night
B005,P00489,49.35,M04,Morning
B005,P00490,49.8,M01,Afternoon
B005,P00491,48.92,M03,Night
B005,P00492,50.48,M03,Afternoon
B005,P00493,51.11,M02,Afternoon
B005,P00494,49.54,M03,Morning
B005,P00495,51.56,M01,Night
B005,P00496,49.73,M03,Afternoon
B005,P00497,49.02,M03,Afternoon
B005,P00498,49.17,M03,Morning
B005,P00499,50.16,M02,Morning
B005,P00500,50.36,M03,Afternoon
B006,P00501,47.38,M03,Morning
B006,P00502,49.62,M02,Afternoon
B006,P00503,48.1,M03,Afternoon
B006,P00504,51.33,M03,Night
B006,P00505,49.91,M04,Afternoon
B006,P00506,48.88,M02,Night
B006,P00507,49.84,M03,Morning
B006,P00508,51.15,M02,Night
B006,P00509,49.19,M01,Afternoon
B006,P00510,52.46,M02,Morning
B006,P00511,48.51,M04,Night
B006,P00512,51.69,M02,Night
B006,P00513,49.96,M04,Morning
B006,P00514,48.89,M02,Afternoon
B006,P00515,48.4,M02,Night
B006,P00516,50.91,M01,Morning
B006,P00517,50.31,M01,Afternoon
B006,P00518,50.16,M03,Morning
B006,P00519,49.61,M01,Morning
B006,P00520,50.36,M02,Afternoon
B006,P00521,49.83,M04,Morning
B006,P00522,50.13,M04,Morning
B006,P00523,50.0,M02,Morning
B006,P00524,49.18,M01,Morning
B006,P00525,48.9,M04,Afternoon
B006,P00526,49.26,M03,Afternoon
B006,P00527,49.61,M02,Afternoon
B006,P00528,50.29,M03,Morning
B006,P00529,52.14,M04,Night
B006,P00530,51.26,M03,Morning
B006,P00531,51.82,M02,Afternoon
B006,P00532,50.27,M03,Night
B006,P00533,50.38,M03,Night
B006,P00534,52.67,M02,Afternoon
B006,P00535,49.6,M02,Afternoon
B006,P00536,50.07,M04,Afternoon
B006,P00537,51.08,M02,Night
B006,P00538,51.98,M04,Morning
B006,P00539,48.13,M01,Morning
B006,P00540,51.57,M02,Morning
B006,P00541,50.84,M04,Morning
B006,P00542,50.96,M03,Afternoon
B006,P00543,48.73,M02,Afternoon
B006,P00544,51.54,M04,Morning
B006,P00545,49.39,M03,Night
B006,P00546,49.09,M01,Morning
B006,P00547,50.88,M02,Night
B006,P00548,49.5,M01,Afternoon
B006,P00549,51.36,M01,Night
B006,P00550,49.67,M01,Afternoon
B006,P00551,50.37,M04,Afternoon
B006,P00552,51.36,M04,Afternoon
B006,P00553,51.29,M01,Afternoon
B006,P00554,50.25,M02,Afternoon
B006,P00555,48.07,M03,Afternoon
B006,P00556,48.44,M02,Morning
B006,P00557,50.08,M03,Morning
B006,P00558,49.28,M04,Afternoon
B006,P00559,49.99,M03,Afternoon
B006,P00560,49.65,M01,Morning
B006,P00561,50.11,M02,Afternoon
B006,P00562,51.37,M04,Night
B006,P00563,50.32,M01,Afternoon
B006,P00564,49.14,M01,Morning
B006,P00565,52.16,M04,Afternoon
B006,P00566,51.95,M04,Morning
B006,P00567,50.12,M03,Night
B006,P00568,49.94,M02,Afternoon
B006,P00569,52.44,M04,Afternoon
B006,P00570,49.29,M01,Morning
B006,P00571,48.44,M01,Night
B006,P00572,47.78,M03,Morning
B006,P00573,51.39,M03,Morning
B006,P00574,50.31,M04,Night
B006,P00575,49.29,M03,Afternoon
B006,P00576,50.06,M02,Afternoon
B006,P00577,51.17,M02,Morning
B006,P00578,50.06,M01,Morning
B006,P00579,50.48,M03,Night
B006,P00580,49.9,M01,Morning
B006,P00581,51.1,M01,Night
B006,P00582,50.02,M03,Night
B006,P00583,50.11,M03,Afternoon
B006,P00584,47.09,M03,Afternoon
B006,P00585,50.74,M01,Afternoon
B006,P00586,49.04,M02,Morning
B006,P00587,49.25,M01,Night
B006,P00588,52.3,M01,Night
B006,P00589,51.34,M02,Night
B006,P00590,50.89,M02,Night
B006,P00591,53.18,M02,Afternoon
B006,P00592,50.03,M04,Night
B006,P00593,51.43,M04,Morning
B006,P00594,51.02,M03,Night
B006,P00595,52.06,M04,Afternoon
B006,P00596,48.92,M02,Afternoon
B006,P00597,50.02,M04,Afternoon
B006,P00598,50.49,M04,Morning
B006,P00599,51.94,M01,Morning
B006,P00600,50.64,M04,Afternoon
B007,P00601,51.43,M01,Afternoon
B007,P00602,48.83,M02,Afternoon
B007,P00603,49.94,M02,Morning
B007,P00604,51.25,M03,Morning
B007,P00605,49.89,M04,Afternoon
B007,P00606,49.62,M03,Morning
B007,P00607,52.01,M04,Afternoon
B007,P00608,49.08,M04,Morning
B007,P00609,49.23,M01,Morning
B007,P00610,48.51,M04,Afternoon
B007,P00611,52.27,M02,Night
B007,P00612,51.51,M02,Afternoon
B007,P00613,51.48,M02,Morning
B007,P00614,49.71,M04,Afternoon
B007,P00615,50.41,M02,Morning
B007,P00616,48.18,M03,Night
B007,P00617,50.31,M03,Night
B007,P00618,50.62,M03,Night
B007,P00619,50.91,M01,Morning
B007,P00620,50.34,M01,Night
B007,P00621,49.48,M03,Night
B007,P00622,47.91,M03,Afternoon
B007,P00623,50.85,M02,Morning
B007,P00624,53.12,M02,Night
B007,P00625,52.95,M01,Night
B007,P00626,51.47,M02,Afternoon
B007,P00627,49.58,M02,Afternoon
B007,P00628,48.1,M01,Afternoon
B007,P00629,48.44,M03,Night
B007,P00630,50.66,M01,Night
B007,P00631,49.79,M03,Night
B007,P00632,49.18,M02,Afternoon
B007,P00633,48.91,M03,Afternoon
B007,P00634,50.38,M02,Night
B007,P00635,51.05,M03,Morning
B007,P00636,50.76,M02,Morning
B007,P00637,49.03,M02,Morning
B007,P00638,50.57,M01,Morning
B007,P00639,51.2,M02,Morning
B007,P00640,49.46,M02,Night
B007,P00641,49.29,M04,Night
B007,P00642,50.43,M04,Afternoon
B007,P00643,48.57,M01,Night
B007,P00644,49.97,M03,Afternoon
B007,P00645,48.43,M01,Night
B007,P00646,50.17,M01,Night
B007,P00647,47.76,M03,Night
B007,P00648,50.62,M02,Morning
B007,P00649,50.38,M01,Morning
B007,P00650,49.6,M03,Night
B007,P00651,48.28,M01,Afternoon
B007,P00652,47.3,M03,Morning
B007,P00653,50.36,M01,Night
B007,P00654,49.66,M02,Night
B007,P00655,50.97,M01,Afternoon
B007,P00656,48.53,M04,Night
B007,P00657,49.22,M01,Morning
B007,P00658,48.63,M04,Morning
B007,P00659,49.37,M01,Afternoon
B007,P00660,50.35,M04,Morning
B007,P00661,52.13,M04,Afternoon
B007,P00662,51.14,M04,Morning
B007,P00663,48.5,M02,Night
B007,P00664,48.0,M03,Afternoon
B007,P00665,50.64,M03,Afternoon
B007,P00666,48.14,M02,Morning
B007,P00667,48.81,M01,Morning
B007,P00668,50.86,M04,Afternoon
B007,P00669,52.2,M02,Afternoon
B007,P00670,49.63,M01,Night
B007,P00671,49.46,M04,Afternoon
B007,P00672,48.41,M04,Afternoon
B007,P00673,50.09,M01,Morning
B007,P00674,51.77,M02,Afternoon
B007,P00675,50.66,M02,Night
B007,P00676,51.3,M04,Afternoon
B007,P00677,49.28,M04,Afternoon
B007,P00678,48.59,M01,Morning
B007,P00679,50.37,M02,Night
B007,P00680,47.67,M03,Afternoon
B007,P00681,50.07,M03,Afternoon
B007,P00682,52.59,M03,Afternoon
B007,P00683,49.7,M03,Night
B007,P00684,49.48,M03,Afternoon
B007,P00685,50.42,M04,Afternoon
B007,P00686,50.49,M04,Night
B007,P00687,49.89,M04,Afternoon
B007,P00688,49.39,M02,Night
B007,P00689,50.33,M02,Night
B007,P00690,50.09,M04,Afternoon
B007,P00691,49.97,M01,Afternoon
B007,P00692,51.28,M02,Afternoon
B007,P00693,50.64,M02,Morning
B007,P00694,50.16,M02,Morning
B007,P00695,49.93,M01,Morning
B007,P00696,48.84,M04,Morning
B007,P00697,50.21,M03,Morning
B007,P00698,50.16,M04,Morning
B007,P00699,49.15,M03,Afternoon
B007,P00700,50.36,M03,Afternoon
B008,P00701,50.16,M04,Morning
B008,P00702,49.32,M03,Night
B008,P00703,48.0,M03,Night
B008,P00704,50.33,M01,Afternoon
B008,P00705,51.08,M02,Night
B008,P00706,51.25,M03,Morning
B008,P00707,48.75,M03,Night
B008,P00708,50.63,M03,Morning
B008,P00709,49.22,M04,Night
B008,P00710,49.21,M04,Morning
B008,P00711,48.85,M04,Afternoon
B008,P00712,49.85,M04,Night
B008,P00713,50.76,M02,Morning
B008,P00714,47.69,M02,Afternoon
B008,P00715,50.1,M03,Morning
B008,P00716,49.48,M03,Afternoon
B008,P00717,51.94,M02,Night
B008,P00718,49.54,M01,Afternoon
B008,P00719,50.15,M03,Afternoon
B008,P00720,48.57,M01,Morning
B008,P00721,48.87,M02,Afternoon
B008,P00722,50.62,M01,Morning
B008,P00723,50.24,M04,Morning
B008,P00724,48.43,M03,Morning
B008,P00725,49.63,M04,Night
B008,P00726,50.96,M02,Night
B008,P00727,48.95,M01,Morning
B008,P00728,47.27,M01,Afternoon
B008,P00729,51.37,M01,Morning
B008,P00730,48.76,M04,Morning
B008,P00731,49.89,M01,Afternoon
B008,P00732,50.28,M04,Morning
B008,P00733,47.18,M04,Night
B008,P00734,50.18,M02,Morning
B008,P00735,49.64,M03,Morning
B008,P00736,48.7,M03,Morning
B008,P00737,49.37,M04,Morning
B008,P00738,50.01,M04,Morning
B008,P00739,50.91,M03,Night
B008,P00740,50.29,M03,Morning
B008,P00741,49.08,M01,Morning
B008,P00742,47.37,M04,Night
B008,P00743,48.81,M04,Night
B008,P00744,47.87,M01,Afternoon
B008,P00745,51.03,M02,Afternoon
B008,P00746,51.87,M02,Night
B008,P00747,50.64,M02,Night
B008,P00748,49.19,M02,Morning
B008,P00749,49.3,M01,Morning
B008,P00750,50.35,M02,Afternoon
B008,P00751,50.07,M01,Night
B008,P00752,50.32,M01,Night
B008,P00753,49.66,M04,Afternoon
B008,P00754,49.09,M04,Afternoon
B008,P00755,48.35,M03,Morning
B008,P00756,47.74,M04,Afternoon
B008,P00757,49.73,M01,Afternoon
B008,P00758,49.97,M02,Morning
B008,P00759,51.13,M04,Morning
B008,P00760,48.9,M03,Night
B008,P00761,52.55,M01,Morning
B008,P00762,51.13,M02,Morning
B008,P00763,51.37,M02,Afternoon
B008,P00764,50.98,M04,Night
B008,P00765,49.11,M04,Afternoon
B008,P00766,51.19,M04,Morning
B008,P00767,50.39,M01,Afternoon
B008,P00768,49.28,M04,Night
B008,P00769,48.86,M02,Night
B008,P00770,50.05,M04,Morning
B008,P00771,51.26,M02,Night
B008,P00772,50.62,M03,Night
B008,P00773,51.5,M02,Night
B008,P00774,50.25,M01,Night
B008,P00775,51.69,M04,Afternoon
B008,P00776,50.4,M04,Morning
B008,P00777,48.57,M03,Morning
B008,P00778,49.35,M04,Afternoon
B008,P00779,51.62,M02,Night
B008,P00780,49.27,M02,Night
B008,P00781,48.42,M03,Night
B008,P00782,51.78,M01,Afternoon
B008,P00783,50.67,M02,Afternoon
B008,P00784,50.68,M02,Afternoon
B008,P00785,50.93,M01,Afternoon
B008,P00786,51.45,M04,Night
B008,P00787,49.88,M03,Night
B008,P00788,46.28,M02,Night
B008,P00789,50.27,M01,Afternoon
B008,P00790,51.12,M01,Afternoon
B008,P00791,48.17,M01,Afternoon
B008,P00792,51.52,M01,Morning
B008,P00793,49.44,M04,Morning
B008,P00794,53.37,M02,Night
B008,P00795,51.95,M04,Morning
B008,P00796,52.51,M04,Afternoon
B008,P00797,52.03,M04,Afternoon
B008,P00798,51.97,M04,Night
B008,P00799,51.34,M01,Night
B008,P00800,49.52,M02,Morning
B009,P00801,48.23,M03,Night
B009,P00802,49.37,M03,Morning
B009,P00803,49.5,M03,Morning
B009,P00804,49.45,M03,Night
B009,P00805,48.51,M03,Night
B009,P00806,51.27,M01,Morning
B009,P00807,50.03,M02,Night
B009,P00808,49.15,M02,Night
B009,P00809,50.03,M03,Morning
B009,P00810,49.66,M03,Morning
B009,P00811,51.62,M03,Morning
B009,P00812,52.31,M02,Morning
B009,P00813,49.11,M03,Morning
B009,P00814,50.63,M01,Morning
B009,P00815,46.84,M04,Morning
B009,P00816,49.14,M04,Morning
B009,P00817,49.52,M04,Afternoon
B009,P00818,49.77,M03,Afternoon
B009,P00819,49.27,M03,Morning
B009,P00820,48.9,M04,Morning
B009,P00821,48.93,M04,Morning
B009,P00822,48.53,M03,Night
B009,P00823,49.09,M04,Afternoon
B009,P00824,49.19,M02,Night
B009,P00825,49.67,M02,Morning
B009,P00826,50.08,M04,Afternoon
B009,P00827,50.42,M02,Night
B009,P00828,48.64,M01,Night
B009,P00829,49.9,M03,Afternoon
B009,P00830,49.7,M03,Night
B009,P00831,50.58,M01,Afternoon
B009,P00832,50.97,M02,Morning
B009,P00833,48.99,M01,Afternoon
B009,P00834,50.73,M01,Night
B009,P00835,48.87,M03,Morning
B009,P00836,51.96,M01,Night
B009,P00837,50.75,M02,Night
B009,P00838,50.04,M01,Afternoon
B009,P00839,51.83,M04,Afternoon
B009,P00840,50.25,M01,Morning
B009,P00841,50.96,M02,Afternoon
B009,P00842,49.78,M02,Morning
B009,P00843,48.65,M01,Afternoon
B009,P00844,51.08,M02,Afternoon
B009,P00845,50.84,M04,Night
B009,P00846,52.57,M04,Night
B009,P00847,49.88,M04,Afternoon
B009,P00848,51.75,M04,Night
B009,P00849,48.82,M03,Morning
B009,P00850,49.14,M04,Afternoon
B009,P00851,50.03,M03,Afternoon
B009,P00852,49.1,M04,Afternoon
B009,P00853,49.98,M03,Morning
B009,P00854,50.26,M02,Morning
B009,P00855,49.53,M03,Afternoon
B009,P00856,49.22,M04,Morning
B009,P00857,50.66,M02,Night
B009,P00858,49.1,M01,Night
B009,P00859,50.44,M02,Night
B009,P00860,48.37,M04,Morning
B009,P00861,51.53,M04,Morning
B009,P00862,50.24,M03,Night
B009,P00863,48.64,M04,Afternoon
B009,P00864,50.24,M04,Afternoon
B009,P00865,51.1,M04,Afternoon
B009,P00866,49.09,M03,Night
B009,P00867,49.64,M02,Night
B009,P00868,49.38,M01,Night
B009,P00869,49.12,M01,Afternoon
B009,P00870,50.34,M04,Morning
B009,P00871,50.73,M04,Night
B009,P00872,49.61,M03,Morning
B009,P00873,50.98,M03,Morning
B009,P00874,51.82,M04,Afternoon
B009,P00875,49.27,M02,Night
B009,P00876,50.44,M01,Morning
B009,P00877,48.97,M03,Morning
B009,P00878,48.09,M03,Morning
B009,P00879,50.68,M04,Morning
B009,P00880,50.02,M02,Night
B009,P00881,51.68,M04,Morning
B009,P00882,49.96,M04,Morning
B009,P00883,50.16,M01,Afternoon
B009,P00884,50.44,M02,Afternoon
B009,P00885,49.38,M04,Morning
B009,P00886,52.27,M02,Morning
B009,P00887,50.14,M03,Night
B009,P00888,48.14,M03,Afternoon
B009,P00889,50.52,M01,Morning
B009,P00890,50.06,M03,Night
B009,P00891,48.59,M01,Morning
B009,P00892,51.53,M04,Night
B009,P00893,49.12,M03,Afternoon
B009,P00894,50.73,M04,Night
B009,P00895,50.64,M03,Night
B009,P00896,49.15,M03,Afternoon
B009,P00897,51.35,M03,Night
B009,P00898,49.48,M04,Morning
B009,P00899,50.36,M03,Morning
B009,P00900,51.63,M02,Night
B010,P00901,50.81,M01,Afternoon
B010,P00902,51.88,M03,Afternoon
B010,P00903,51.43,M04,Afternoon
B010,P00904,49.96,M04,Afternoon
B010,P00905,48.96,M03,Night
B010,P00906,49.99,M04,Afternoon
B010,P00907,51.15,M02,Afternoon
B010,P00908,49.08,M03,Afternoon
B010,P00909,50.49,M03,Night
B010,P00910,50.84,M04,Morning
B010,P00911,48.48,M03,Afternoon
B010,P00912,50.9,M03,Morning
B010,P00913,50.54,M04,Night
B010,P00914,52.31,M04,Morning
B010,P00915,50.28,M02,Morning
B010,P00916,49.64,M01,Afternoon
B010,P00917,48.34,M03,Morning
B010,P00918,49.02,M02,Morning
B010,P00919,51.24,M04,Night
B010,P00920,52.05,M01,Night
B010,P00921,51.09,M03,Night
B010,P00922,50.24,M04,Afternoon
B010,P00923,51.12,M04,Night
B010,P00924,49.18,M01,Night
B010,P00925,49.03,M01,Morning
B010,P00926,49.24,M04,Morning
B010,P00927,49.38,M01,Morning
B010,P00928,49.63,M03,Morning
B010,P00929,48.96,M02,Morning
B010,P00930,49.47,M03,Afternoon
B010,P00931,51.82,M04,Morning
B010,P00932,49.27,M03,Night
B010,P00933,48.52,M03,Afternoon
B010,P00934,48.48,M03,Night
B010,P00935,49.25,M01,Morning
B010,P00936,48.44,M02,Morning
B010,P00937,50.43,M02,Morning
B010,P00938,49.04,M03,Night
B010,P00939,48.41,M04,Afternoon
B010,P00940,49.5,M03,Morning
B010,P00941,49.85,M04,Morning
B010,P00942,50.31,M02,Morning
B010,P00943,49.72,M02,Night
B010,P00944,50.53,M03,Morning
B010,P00945,49.41,M01,Morning
B010,P00946,48.69,M02,Afternoon
B010,P00947,49.3,M01,Morning
B010,P00948,51.02,M01,Morning
B010,P00949,50.89,M03,Night
B010,P00950,50.03,M01,Night
B010,P00951,51.21,M02,Night
B010,P00952,49.9,M01,Morning
B010,P00953,51.1,M04,Night
B010,P00954,49.78,M01,Morning
B010,P00955,51.21,M04,Morning
B010,P00956,48.95,M03,Afternoon
B010,P00957,49.42,M01,Morning
B010,P00958,50.18,M01,Night
B010,P00959,51.53,M03,Morning
B010,P00960,51.38,M02,Afternoon
B010,P00961,49.2,M01,Night
B010,P00962,49.92,M03,Morning
B010,P00963,51.36,M01,Afternoon
B010,P00964,49.33,M02,Night
B010,P00965,50.97,M01,Morning
B010,P00966,50.37,M01,Afternoon
B010,P00967,49.94,M02,Afternoon
B010,P00968,49.92,M02,Night
B010,P00969,51.54,M01,Afternoon
B010,P00970,50.44,M02,Afternoon
B010,P00971,47.96,M01,Morning
B010,P00972,49.23,M01,Night
B010,P00973,47.65,M01,Night
B010,P00974,50.48,M03,Morning
B010,P00975,49.52,M02,Morning
B010,P00976,51.73,M03,Morning
B010,P00977,50.8,M03,Morning
B010,P00978,49.3,M04,Afternoon
B010,P00979,52.73,M04,Night
B010,P00980,48.35,M01,Night
B010,P00981,47.4,M03,Night
B010,P00982,51.41,M01,Afternoon
B010,P00983,51.78,M04,Morning
B010,P00984,53.8,M04,Morning
B010,P00985,49.23,M03,Morning
B010,P00986,51.04,M04,Night
B010,P00987,51.57,M01,Afternoon
B010,P00988,51.27,M03,Night
B010,P00989,47.58,M03,Night
B010,P00990,49.33,M02,Morning
B010,P00991,50.43,M04,Afternoon
B010,P00992,51.69,M02,Morning
B010,P00993,49.54,M03,Morning
B010,P00994,48.72,M04,Night
B010,P00995,47.48,M03,Night
B010,P00996,48.56,M02,Night
B010,P00997,48.68,M01,Night
B010,P00998,50.26,M02,Morning
B010,P00999,49.43,M01,Afternoon
B010,P01000,47.56,M02,Afternoon
B011,P01001,49.97,M04,Morning
B011,P01002,50.54,M01,Afternoon
B011,P01003,50.32,M04,Morning
B011,P01004,48.88,M02,Morning
B011,P01005,50.04,M02,Morning
B011,P01006,51.77,M02,Afternoon
B011,P01007,48.59,M04,Morning
B011,P01008,49.06,M04,Night
B011,P01009,49.95,M03,Night
B011,P01010,48.58,M01,Night
B011,P01011,49.37,M01,Night
B011,P01012,50.68,M01,Morning
B011,P01013,50.92,M03,Afternoon
B011,P01014,52.65,M02,Night
B011,P01015,49.44,M01,Night
B011,P01016,49.87,M01,Morning
B011,P01017,50.4,M04,Afternoon
B011,P01018,50.56,M01,Night
B011,P01019,50.47,M04,Afternoon
B011,P01020,49.63,M04,Morning
B011,P01021,49.85,M01,Morning
B011,P01022,48.69,M04,Afternoon
B011,P01023,47.86,M03,Night
B011,P01024,48.99,M01,Afternoon
B011,P01025,50.39,M04,Night
B011,P01026,47.1,M01,Night
B011,P01027,51.73,M02,Morning
B011,P01028,49.2,M03,Night
B011,P01029,51.5,M04,Night
B011,P01030,49.85,M04,Night
B011,P01031,50.66,M03,Afternoon
B011,P01032,51.25,M02,Morning
B011,P01033,50.39,M02,Night
B011,P01034,51.4,M04,Afternoon
B011,P01035,51.46,M01,Afternoon
B011,P01036,49.26,M02,Morning
B011,P01037,51.75,M02,Night
B011,P01038,47.87,M03,Morning
B011,P01039,50.56,M01,Morning
B011,P01040,50.58,M01,Night
B011,P01041,50.27,M02,Night
B011,P01042,49.24,M02,Afternoon
B011,P01043,52.63,M04,Afternoon
B011,P01044,50.94,M01,Morning
B011,P01045,50.57,M04,Afternoon
B011,P01046,50.95,M01,Night
B011,P01047,50.14,M02,Afternoon
B011,P01048,48.36,M02,Afternoon
B011,P01049,48.98,M02,Morning
B011,P01050,51.06,M02,Night
B011,P01051,49.41,M03,Night
B011,P01052,50.44,M03,Afternoon
B011,P01053,48.15,M01,Night
B011,P01054,49.84,M01,Afternoon
B011,P01055,48.02,M01,Morning
B011,P01056,51.44,M01,Morning
B011,P01057,50.31,M02,Night
B011,P01058,51.5,M02,Afternoon
B011,P01059,50.55,M02,Afternoon
B011,P01060,49.71,M02,Afternoon
B011,P01061,50.67,M04,Afternoon
B011,P01062,50.91,M02,Afternoon
B011,P01063,49.87,M03,Morning
B011,P01064,50.61,M04,Night
B011,P01065,48.44,M03,Afternoon
B011,P01066,51.12,M01,Night
B011,P01067,50.67,M01,Night
B011,P01068,49.56,M02,Afternoon
B011,P01069,49.27,M02,Morning
B011,P01070,50.95,M03,Morning
B011,P01071,50.87,M01,Night
B011,P01072,49.51,M04,Afternoon
B011,P01073,50.62,M03,Night
B011,P01074,49.94,M04,Night
B011,P01075,49.92,M01,Morning
B011,P01076,52.38,M01,Night
B011,P01077,51.16,M01,Night
B011,P01078,51.48,M01,Night
B011,P01079,52.69,M01,Night
B011,P01080,49.51,M01,Afternoon
B011,P01081,47.09,M01,Morning
B011,P01082,50.06,M04,Morning
B011,P01083,49.95,M03,Night
B011,P01084,48.6,M03,Morning
B011,P01085,49.56,M04,Night
B011,P01086,51.74,M01,Night
B011,P01087,49.86,M02,Morning
B011,P01088,52.62,M04,Afternoon
B011,P01089,50.81,M01,Morning
B011,P01090,49.9,M04,Afternoon
B011,P01091,48.17,M03,Afternoon
B011,P01092,52.07,M04,Afternoon
B011,P01093,49.91,M02,Morning
B011,P01094,50.32,M03,Morning
B011,P01095,50.05,M01,Morning
B011,P01096,48.9,M04,Night
B011,P01097,49.73,M01,Afternoon
B011,P01098,48.81,M01,Night
B011,P01099,52.5,M03,Afternoon
B011,P01100,51.04,M04,Morning
B012,P01101,49.63,M03,Morning
B012,P01102,50.96,M02,Morning
B012,P01103,50.96,M04,Night
B012,P01104,50.96,M04,Afternoon
B012,P01105,49.18,M04,Night
B012,P01106,49.76,M03,Afternoon
B012,P01107,49.69,M01,Afternoon
B012,P01108,48.55,M04,Morning
B012,P01109,48.98,M01,Morning
B012,P01110,50.88,M01,Afternoon
B012,P01111,50.81,M04,Night
B012,P01112,52.49,M04,Night
B012,P01113,51.11,M03,Morning
B012,P01114,49.82,M03,Morning
B012,P01115,48.18,M04,Morning
B012,P01116,48.61,M03,Morning
B012,P01117,49.88,M01,Morning
B012,P01118,47.63,M03,Night
B012,P01119,50.28,M04,Afternoon
B012,P01120,49.63,M03,Morning
B012,P01121,51.11,M04,Afternoon
B012,P01122,52.68,M02,Morning
B012,P01123,50.92,M01,Night
B012,P01124,51.74,M01,Afternoon
B012,P01125,48.64,M01,Afternoon
B012,P01126,48.87,M01,Morning
B012,P01127,50.63,M04,Night
B012,P01128,48.76,M01,Morning
B012,P01129,49.28,M03,Afternoon
B012,P01130,47.4,M03,Night
B012,P01131,48.69,M01,Afternoon
B012,P01132,50.11,M02,Afternoon
B012,P01133,49.6,M03,Afternoon
B012,P01134,48.05,M01,Afternoon
B012,P01135,51.01,M01,Afternoon
B012,P01136,49.56,M02,Afternoon
B012,P01137,49.62,M02,Afternoon
B012,P01138,50.2,M02,Afternoon
B012,P01139,49.48,M01,Morning
B012,P01140,51.01,M02,Morning
B012,P01141,46.99,M04,Night
B012,P01142,49.54,M03,Afternoon
B012,P01143,50.04,M02,Morning
B012,P01144,48.51,M02,Night
B012,P01145,48.61,M03,Night
B012,P01146,51.58,M01,Night
B012,P01147,50.86,M03,Morning
B012,P01148,49.92,M02,Night
B012,P01149,52.08,M02,Morning
B012,P01150,49.84,M04,Afternoon
B012,P01151,49.92,M02,Morning
B012,P01152,50.3,M02,Morning
B012,P01153,49.51,M04,Afternoon
B012,P01154,50.16,M03,Night
B012,P01155,49.63,M02,Morning
B012,P01156,48.35,M04,Morning
B012,P01157,54.2,M01,Afternoon
B012,P01158,47.84,M03,Morning
B012,P01159,47.55,M03,Morning
B012,P01160,49.49,M01,Afternoon
B012,P01161,47.64,M01,Morning
B012,P01162,51.17,M04,Morning
B012,P01163,50.32,M02,Morning
B012,P01164,48.46,M03,Morning
B012,P01165,49.51,M01,Morning
B012,P01166,50.82,M01,Morning
B012,P01167,47.78,M04,Night
B012,P01168,52.13,M04,Afternoon
B012,P01169,49.34,M03,Night
B012,P01170,48.27,M03,Night
B012,P01171,51.99,M02,Morning
B012,P01172,49.81,M02,Night
B012,P01173,48.8,M02,Morning
B012,P01174,50.04,M03,Night
B012,P01175,50.31,M02,Afternoon
B012,P01176,50.45,M03,Night
B012,P01177,49.53,M04,Night
B012,P01178,51.45,M02,Morning
B012,P01179,50.18,M04,Afternoon
B012,P01180,51.57,M01,Night
B012,P01181,49.8,M01,Night
B012,P01182,50.8,M01,Afternoon
B012,P01183,49.22,M01,Morning
B012,P01184,50.46,M02,Morning
B012,P01185,49.3,M01,Afternoon
B012,P01186,49.29,M01,Morning
B012,P01187,49.39,M04,Night
B012,P01188,48.44,M03,Night
B012,P01189,51.88,M04,Night
B012,P01190,49.72,M02,Afternoon
B012,P01191,49.62,M02,Afternoon
B012,P01192,50.48,M03,Afternoon
B012,P01193,48.35,M01,Afternoon
B012,P01194,49.74,M02,Morning
B012,P01195,49.88,M02,Morning
B012,P01196,48.35,M03,Night
B012,P01197,48.2,M02,Afternoon
B012,P01198,50.26,M04,Afternoon
B012,P01199,50.87,M02,Morning
B012,P01200,49.42,M03,Morning
B013,P01201,51.35,M03,Morning
B013,P01202,49.97,M03,Morning
B013,P01203,50.9,M03,Morning
B013,P01204,50.79,M03,Afternoon
B013,P01205,51.3,M01,Night
B013,P01206,51.41,M02,Morning
B013,P01207,49.36,M01,Afternoon
B013,P01208,50.65,M01,Afternoon
B013,P01209,50.83,M02,Morning
B013,P01210,51.03,M04,Night
B013,P01211,47.74,M01,Night
B013,P01212,50.89,M02,Night
B013,P01213,50.41,M04,Afternoon
B013,P01214,49.61,M01,Afternoon
B013,P01215,50.46,M02,Morning
B013,P01216,48.92,M01,Night
B013,P01217,53.05,M02,Morning
B013,P01218,52.31,M01,Morning
B013,P01219,48.76,M01,Night
B013,P01220,50.04,M04,Afternoon
B013,P01221,48.4,M03,Night
B013,P01222,49.96,M02,Morning
B013,P01223,48.76,M04,Night
B013,P01224,48.89,M04,Afternoon
B013,P01225,48.82,M03,Morning
B013,P01226,51.03,M04,Night
B013,P01227,49.68,M03,Afternoon
B013,P01228,49.53,M02,Morning
B013,P01229,51.1,M03,Morning
B013,P01230,48.18,M01,Morning
B013,P01231,48.28,M01,Afternoon
B013,P01232,50.72,M01,Afternoon
B013,P01233,48.96,M02,Morning
B013,P01234,51.78,M02,Afternoon
B013,P01235,49.79,M03,Night
B013,P01236,50.9,M02,Night
B013,P01237,49.17,M03,Night
B013,P01238,48.71,M02,Morning
B013,P01239,50.61,M04,Morning
B013,P01240,49.8,M01,Morning
B013,P01241,50.59,M04,Afternoon
B013,P01242,50.25,M02,Afternoon
B013,P01243,50.35,M02,Morning
B013,P01244,50.75,M02,Afternoon
B013,P01245,50.22,M04,Morning
B013,P01246,47.87,M03,Night
B013,P01247,51.65,M03,Afternoon
B013,P01248,50.44,M02,Afternoon
B013,P01249,50.64,M02,Afternoon
B013,P01250,48.32,M03,Morning
B013,P01251,49.46,M03,Afternoon
B013,P01252,49.23,M04,Night
B013,P01253,48.54,M04,Night
B013,P01254,51.3,M02,Afternoon
B013,P01255,50.57,M03,Afternoon
B013,P01256,48.62,M01,Afternoon
B013,P01257,50.79,M01,Night
B013,P01258,48.16,M01,Morning
B013,P01259,52.19,M03,Afternoon
B013,P01260,48.43,M03,Afternoon
B013,P01261,50.07,M03,Morning
B013,P01262,48.71,M02,Afternoon
B013,P01263,49.72,M01,Morning
B013,P01264,50.05,M04,Night
B013,P01265,50.69,M01,Morning
B013,P01266,50.03,M04,Morning
B013,P01267,50.68,M01,Afternoon
B013,P01268,48.88,M04,Afternoon
B013,P01269,49.97,M01,Afternoon
B013,P01270,49.39,M03,Night
B013,P01271,50.42,M01,Night
B013,P01272,50.46,M04,Morning
B013,P01273,49.92,M03,Morning
B013,P01274,48.17,M01,Afternoon
B013,P01275,50.73,M02,Morning
B013,P01276,50.28,M03,Night
B013,P01277,49.7,M01,Morning
B013,P01278,51.14,M02,Night
B013,P01279,52.21,M02,Afternoon
B013,P01280,52.26,M02,Night
B013,P01281,50.9,M02,Afternoon
B013,P01282,50.17,M03,Night
B013,P01283,50.4,M01,Afternoon
B013,P01284,46.61,M03,Night
B013,P01285,49.83,M02,Night
B013,P01286,51.76,M01,Afternoon
B013,P01287,50.62,M03,Morning
B013,P01288,49.53,M01,Afternoon
B013,P01289,51.2,M01,Morning
B013,P01290,49.32,M03,Afternoon
B013,P01291,50.95,M02,Afternoon
B013,P01292,50.32,M04,Afternoon
B013,P01293,49.73,M02,Night
B013,P01294,47.87,M01,Morning
B013,P01295,49.27,M04,Afternoon
B013,P01296,50.3,M02,Night
B013,P01297,50.88,M01,Night
B013,P01298,49.81,M01,Morning
B013,P01299,50.65,M01,Morning
B013,P01300,48.35,M03,Night
B014,P01301,49.17,M01,Night
B014,P01302,50.4,M01,Morning
B014,P01303,53.64,M04,Night
B014,P01304,51.49,M01,Morning
B014,P01305,50.18,M03,Afternoon
B014,P01306,50.26,M03,Afternoon
B014,P01307,49.95,M04,Night
B014,P01308,50.69,M02,Morning
B014,P01309,50.02,M02,Afternoon
B014,P01310,48.58,M03,Morning
B014,P01311,50.04,M03,Night
B014,P01312,49.92,M02,Night
B014,P01313,47.16,M01,Night
B014,P01314,48.33,M03,Afternoon
B014,P01315,47.21,M01,Morning
B014,P01316,48.82,M04,Afternoon
B014,P01317,46.79,M04,Night
B014,P01318,49.1,M03,Morning
B014,P01319,50.43,M02,Morning
B014,P01320,52.39,M02,Afternoon
B014,P01321,49.66,M01,Afternoon
B014,P01322,50.81,M02,Night
B014,P01323,50.23,M04,Night
B014,P01324,48.27,M04,Night
B014,P01325,50.12,M02,Night
B014,P01326,48.89,M03,Afternoon
B014,P01327,49.74,M03,Afternoon
B014,P01328,50.53,M01,Morning
B014,P01329,51.21,M03,Morning
B014,P01330,47.5,M02,Night
B014,P01331,49.56,M02,Morning
B014,P01332,48.73,M01,Afternoon
B014,P01333,49.95,M01,Afternoon
B014,P01334,52.32,M01,Morning
B014,P01335,48.38,M03,Afternoon
B014,P01336,50.34,M02,Morning
B014,P01337,50.24,M03,Night
B014,P01338,51.2,M03,Morning
B014,P01339,50.72,M03,Morning
B014,P01340,49.33,M03,Afternoon
B014,P01341,51.2,M04,Morning
B014,P01342,51.39,M04,Morning
B014,P01343,49.68,M01,Morning
B014,P01344,50.5,M04,Night
B014,P01345,51.55,M02,Morning
B014,P01346,53.35,M03,Afternoon
B014,P01347,49.61,M01,Morning
B014,P01348,50.29,M02,Afternoon
B014,P01349,49.95,M01,Afternoon
B014,P01350,50.17,M04,Afternoon
B014,P01351,50.9,M02,Night
B014,P01352,50.15,M04,Morning
B014,P01353,50.94,M01,Morning
B014,P01354,46.8,M02,Night
B014,P01355,47.85,M04,Morning
B014,P01356,50.34,M03,Night
B014,P01357,49.55,M02,Afternoon
B014,P01358,50.08,M02,Night
B014,P01359,51.65,M04,Night
B014,P01360,50.76,M03,Afternoon
B014,P01361,49.35,M03,Afternoon
B014,P01362,52.63,M04,Night
B014,P01363,50.42,M04,Afternoon
B014,P01364,51.82,M01,Morning
B014,P01365,51.15,M02,Afternoon
B014,P01366,50.55,M03,Afternoon
B014,P01367,49.14,M04,Morning
B014,P01368,51.91,M04,Morning
B014,P01369,50.03,M03,Afternoon
B014,P01370,49.86,M03,Night
B014,P01371,50.54,M03,Morning
B014,P01372,50.37,M01,Morning
B014,P01373,50.19,M02,Afternoon
B014,P01374,48.54,M01,Night
B014,P01375,50.77,M02,Night
B014,P01376,48.83,M02,Afternoon
B014,P01377,48.65,M02,Afternoon
B014,P01378,50.04,M01,Afternoon
B014,P01379,51.69,M02,Afternoon
B014,P01380,49.79,M02,Afternoon
B014,P01381,51.21,M04,Morning
B014,P01382,48.28,M03,Night
B014,P01383,48.59,M02,Night
B014,P01384,51.33,M01,Morning
B014,P01385,50.86,M02,Afternoon
B014,P01386,48.66,M02,Afternoon
B014,P01387,50.26,M03,Morning
B014,P01388,50.35,M03,Night
B014,P01389,49.16,M02,Afternoon
B014,P01390,51.82,M04,Morning
B014,P01391,49.33,M01,Night
B014,P01392,48.22,M04,Night
B014,P01393,50.78,M03,Morning
B014,P01394,50.53,M04,Afternoon
B014,P01395,49.6,M01,Afternoon
B014,P01396,50.88,M01,Night
B014,P01397,50.5,M04,Morning
B014,P01398,49.98,M03,Morning
B014,P01399,51.21,M02,Morning
B014,P01400,51.03,M02,Night
B015,P01401,48.78,M01,Night
B015,P01402,49.81,M04,Night
B015,P01403,50.0,M03,Morning
B015,P01404,51.32,M03,Morning
B015,P01405,51.2,M03,Afternoon
B015,P01406,50.86,M04,Night
B015,P01407,47.5,M03,Night
B015,P01408,47.77,M03,Morning
B015,P01409,51.72,M04,Morning
B015,P01410,51.26,M02,Afternoon
B015,P01411,51.98,M01,Night
B015,P01412,51.85,M03,Night
B015,P01413,50.74,M02,Afternoon
B015,P01414,47.08,M03,Morning
B015,P01415,50.35,M03,Morning
B015,P01416,51.06,M01,Afternoon
B015,P01417,49.07,M03,Night
B015,P01418,51.57,M02,Afternoon
B015,P01419,50.34,M04,Night
B015,P01420,50.38,M03,Morning
B015,P01421,51.53,M03,Night
B015,P01422,50.03,M03,Morning
B015,P01423,51.98,M03,Afternoon
B015,P01424,49.36,M01,Afternoon
B015,P01425,52.16,M02,Afternoon
B015,P01426,51.12,M04,Afternoon
B015,P01427,50.39,M04,Afternoon
B015,P01428,51.16,M02,Afternoon
B015,P01429,51.42,M01,Morning
B015,P01430,50.66,M02,Afternoon
B015,P01431,48.21,M02,Night
B015,P01432,51.64,M02,Morning
B015,P01433,50.33,M04,Afternoon
B015,P01434,49.19,M04,Night
B015,P01435,48.74,M04,Afternoon
B015,P01436,50.75,M01,Night
B015,P01437,48.53,M03,Night
B015,P01438,50.8,M03,Morning
B015,P01439,49.95,M03,Night
B015,P01440,50.19,M04,Night
B015,P01441,49.38,M03,Morning
B015,P01442,49.02,M03,Morning
B015,P01443,50.48,M03,Morning
B015,P01444,50.38,M01,Night
B015,P01445,49.83,M02,Night
B015,P01446,51.94,M02,Afternoon
B015,P01447,49.01,M03,Afternoon
B015,P01448,49.76,M04,Night
B015,P01449,49.51,M01,Night
B015,P01450,49.52,M04,Morning
B015,P01451,49.38,M02,Afternoon
B015,P01452,48.44,M01,Morning
B015,P01453,51.12,M04,Morning
B015,P01454,52.1,M02,Morning
B015,P01455,49.25,M04,Afternoon
B015,P01456,51.31,M04,Night
B015,P01457,49.91,M04,Afternoon
B015,P01458,50.84,M03,Night
B015,P01459,49.1,M02,Morning
B015,P01460,51.48,M02,Morning
B015,P01461,51.06,M02,Morning
B015,P01462,47.65,M04,Morning
B015,P01463,50.07,M03,Afternoon
B015,P01464,47.29,M03,Morning
B015,P01465,46.95,M01,Morning
B015,P01466,52.38,M01,Night
B015,P01467,49.59,M04,Afternoon
B015,P01468,50.84,M03,Afternoon
B015,P01469,49.24,M04,Night
B015,P01470,52.13,M04,Afternoon
B015,P01471,52.17,M04,Morning
B015,P01472,50.19,M04,Afternoon
B015,P01473,50.77,M02,Night
B015,P01474,50.0,M04,Morning
B015,P01475,50.26,M01,Night
B015,P01476,48.78,M04,Morning
B015,P01477,49.57,M02,Night
B015,P01478,49.65,M02,Afternoon
B015,P01479,51.97,M04,Morning
B015,P01480,52.74,M02,Morning
B015,P01481,49.93,M02,Afternoon
B015,P01482,50.49,M03,Night
B015,P01483,52.98,M01,Night
B015,P01484,52.32,M03,Afternoon
B015,P01485,51.72,M04,Morning
B015,P01486,51.99,M01,Morning
B015,P01487,50.46,M01,Afternoon
B015,P01488,48.0,M01,Morning
B015,P01489,50.27,M04,Afternoon
B015,P01490,50.29,M03,Afternoon
B015,P01491,50.49,M03,Night
B015,P01492,50.8,M03,Afternoon
B015,P01493,52.56,M02,Afternoon
B015,P01494,50.14,M01,Afternoon
B015,P01495,49.54,M01,Afternoon
B015,P01496,50.46,M01,Afternoon
B015,P01497,48.54,M01,Night
B015,P01498,50.38,M03,Morning
B015,P01499,49.58,M04,Afternoon
B015,P01500,50.48,M04,Afternoon
B016,P01501,51.44,M01,Morning
B016,P01502,49.74,M01,Night
B016,P01503,48.82,M03,Afternoon
B016,P01504,48.75,M04,Morning
B016,P01505,50.27,M01,Afternoon
B016,P01506,50.18,M03,Afternoon
B016,P01507,49.66,M02,Night
B016,P01508,50.43,M01,Morning
B016,P01509,50.92,M04,Afternoon
B016,P01510,51.82,M03,Afternoon
B016,P01511,51.65,M02,Afternoon
B016,P01512,48.62,M03,Afternoon
B016,P01513,49.36,M04,Morning
B016,P01514,48.13,M04,Morning
B016,P01515,51.45,M01,Night
B016,P01516,52.34,M02,Night
B016,P01517,51.15,M04,Afternoon
B016,P01518,48.21,M01,Night
B016,P01519,48.94,M04,Afternoon
B016,P01520,49.12,M02,Morning
B016,P01521,51.29,M04,Afternoon
B016,P01522,50.85,M03,Afternoon
B016,P01523,48.75,M03,Afternoon
B016,P01524,49.58,M04,Night
B016,P01525,50.49,M04,Morning
B016,P01526,50.13,M04,Afternoon
B016,P01527,50.49,M04,Afternoon
B016,P01528,48.72,M04,Night
B016,P01529,50.4,M02,Morning
B016,P01530,46.71,M02,Afternoon
B016,P01531,50.62,M02,Afternoon
B016,P01532,50.97,M04,Afternoon
B016,P01533,48.82,M03,Night
B016,P01534,49.18,M03,Morning
B016,P01535,50.36,M03,Night
B016,P01536,48.96,M02,Night
B016,P01537,49.98,M02,Night
B016,P01538,50.31,M03,Morning
B016,P01539,50.48,M02,Morning
B016,P01540,50.09,M01,Morning
B016,P01541,49.6,M04,Morning
B016,P01542,50.49,M01,Morning
B016,P01543,50.48,M04,Afternoon
B016,P01544,50.46,M02,Night
B016,P01545,51.39,M02,Morning
B016,P01546,50.23,M04,Night
B016,P01547,51.89,M03,Night
B016,P01548,50.57,M03,Afternoon
B016,P01549,51.28,M02,Morning
B016,P01550,49.44,M02,Morning
B016,P01551,49.12,M01,Night
B016,P01552,50.0,M02,Morning
B016,P01553,50.23,M01,Morning
B016,P01554,50.42,M04,Night
B016,P01555,49.16,M02,Night
B016,P01556,50.39,M02,Morning
B016,P01557,47.72,M03,Night
B016,P01558,50.55,M04,Afternoon
B016,P01559,49.61,M02,Morning
B016,P01560,49.1,M03,Morning
B016,P01561,48.28,M04,Morning
B016,P01562,49.32,M03,Morning
B016,P01563,47.76,M01,Morning
B016,P01564,51.23,M01,Night
B016,P01565,47.4,M01,Afternoon
B016,P01566,49.71,M04,Afternoon
B016,P01567,48.31,M03,Morning
B016,P01568,49.24,M01,Afternoon
B016,P01569,50.16,M01,Afternoon
B016,P01570,51.3,M02,Night
B016,P01571,51.89,M04,Morning
B016,P01572,50.52,M01,Morning
B016,P01573,48.96,M03,Morning
B016,P01574,49.87,M03,Morning
B016,P01575,50.09,M02,Afternoon
B016,P01576,50.79,M02,Afternoon
B016,P01577,49.67,M03,Afternoon
B016,P01578,50.84,M02,Afternoon
B016,P01579,48.84,M01,Night
B016,P01580,49.35,M03,Night
B016,P01581,48.9,M03,Night
B016,P01582,49.87,M03,Night
B016,P01583,50.58,M04,Afternoon
B016,P01584,50.51,M01,Morning
B016,P01585,49.44,M01,Night
B016,P01586,49.75,M04,Morning
B016,P01587,48.19,M02,Afternoon
B016,P01588,49.96,M03,Night
B016,P01589,49.77,M02,Night
B016,P01590,49.45,M04,Morning
B016,P01591,49.96,M02,Night
B016,P01592,48.84,M03,Night
B016,P01593,50.67,M03,Morning
B016,P01594,49.0,M03,Night
B016,P01595,48.22,M03,Afternoon
B016,P01596,49.12,M02,Afternoon
B016,P01597,48.9,M02,Afternoon
B016,P01598,47.76,M02,Morning
B016,P01599,49.12,M03,Morning
B016,P01600,49.68,M01,Night
B017,P01601,50.23,M02,Afternoon
B017,P01602,51.56,M04,Morning
B017,P01603,47.82,M01,Afternoon
B017,P01604,50.51,M03,Night
B017,P01605,49.49,M03,Afternoon
B017,P01606,50.5,M01,Night
B017,P01607,49.71,M01,Afternoon
B017,P01608,51.54,M01,Afternoon
B017,P01609,50.19,M04,Night
B017,P01610,49.2,M03,Afternoon
B017,P01611,50.53,M01,Afternoon
B017,P01612,48.22,M03,Morning
B017,P01613,48.21,M03,Night
B017,P01614,49.66,M01,Night
B017,P01615,48.99,M01,Afternoon
B017,P01616,49.73,M01,Morning
B017,P01617,48.94,M02,Night
B017,P01618,50.01,M03,Night
B017,P01619,49.15,M03,Morning
B017,P01620,49.49,M04,Afternoon
B017,P01621,49.39,M04,Morning
B017,P01622,49.47,M03,Morning
B017,P01623,50.12,M03,Afternoon
B017,P01624,50.91,M04,Afternoon
B017,P01625,49.89,M01,Night
B017,P01626,50.05,M04,Morning
B017,P01627,53.01,M04,Night
B017,P01628,51.66,M04,Night
B017,P01629,47.92,M03,Night
B017,P01630,50.17,M04,Morning
B017,P01631,49.59,M02,Night
B017,P01632,50.89,M04,Morning
B017,P01633,50.27,M04,Morning
B017,P01634,49.4,M01,Afternoon
B017,P01635,46.11,M03,Afternoon
B017,P01636,49.15,M03,Night
B017,P01637,48.62,M04,Night
B017,P01638,50.43,M02,Morning
B017,P01639,49.37,M04,Morning
B017,P01640,50.65,M04,Morning
B017,P01641,48.91,M02,Night
B017,P01642,48.0,M04,Afternoon
B017,P01643,49.88,M01,Afternoon
B017,P01644,49.1,M03,Afternoon
B017,P01645,48.42,M01,Night
B017,P01646,51.23,M02,Night
B017,P01647,49.54,M04,Morning
B017,P01648,48.59,M02,Night
B017,P01649,49.77,M03,Morning
B017,P01650,48.95,M02,Afternoon
B017,P01651,49.06,M01,Night
B017,P01652,51.9,M02,Morning
B017,P01653,50.03,M04,Afternoon
B017,P01654,49.04,M03,Night
B017,P01655,49.54,M04,Night
B017,P01656,48.36,M03,Morning
B017,P01657,49.56,M01,Morning
B017,P01658,52.1,M02,Afternoon
B017,P01659,52.97,M02,Morning
B017,P01660,49.61,M03,Morning
B017,P01661,48.81,M03,Night
B017,P01662,49.53,M01,Night
B017,P01663,49.16,M02,Night
B017,P01664,49.49,M02,Night
B017,P01665,51.38,M02,Afternoon
B017,P01666,50.64,M04,Night
B017,P01667,52.3,M02,Night
B017,P01668,51.93,M04,Afternoon
B017,P01669,48.11,M04,Afternoon
B017,P01670,49.37,M01,Morning
B017,P01671,51.04,M02,Afternoon
B017,P01672,48.42,M01,Afternoon
B017,P01673,51.59,M02,Night
B017,P01674,49.99,M03,Night
B017,P01675,50.44,M01,Afternoon
B017,P01676,48.62,M04,Morning
B017,P01677,48.81,M04,Afternoon
B017,P01678,52.39,M04,Afternoon
B017,P01679,49.86,M03,Afternoon
B017,P01680,50.09,M01,Night
B017,P01681,52.05,M04,Morning
B017,P01682,52.44,M04,Morning
B017,P01683,50.54,M02,Afternoon
B017,P01684,49.34,M02,Afternoon
B017,P01685,48.82,M04,Afternoon
B017,P01686,49.76,M04,Morning
B017,P01687,52.38,M04,Afternoon
B017,P01688,50.39,M04,Morning
B017,P01689,50.55,M04,Morning
B017,P01690,51.62,M02,Night
B017,P01691,48.54,M03,Morning
B017,P01692,49.25,M04,Morning
B017,P01693,49.81,M04,Night
B017,P01694,50.36,M02,Morning
B017,P01695,47.64,M01,Night
B017,P01696,50.95,M04,Night
B017,P01697,49.19,M04,Morning
B017,P01698,50.44,M04,Night
B017,P01699,50.86,M04,Night
B017,P01700,49.61,M01,Night
B018,P01701,48.22,M03,Morning
B018,P01702,50.51,M02,Night
B018,P01703,50.2,M04,Morning
B018,P01704,50.66,M01,Morning
B018,P01705,47.72,M02,Night
B018,P01706,51.05,M01,Morning
B018,P01707,49.7,M04,Night
B018,P01708,49.85,M04,Night
B018,P01709,49.15,M04,Night
B018,P01710,49.88,M04,Night
B018,P01711,47.74,M04,Afternoon
B018,P01712,49.53,M01,Night
B018,P01713,51.38,M01,Morning
B018,P01714,50.06,M04,Morning
B018,P01715,51.72,M04,Night
B018,P01716,49.08,M01,Night
B018,P01717,51.04,M04,Morning
B018,P01718,48.85,M03,Afternoon
B018,P01719,49.74,M03,Afternoon
B018,P01720,49.79,M01,Morning
B018,P01721,51.55,M02,Night
B018,P01722,50.02,M03,Afternoon
B018,P01723,53.37,M02,Night
B018,P01724,49.33,M04,Morning
B018,P01725,49.2,M04,Night
B018,P01726,49.55,M03,Afternoon
B018,P01727,50.35,M02,Night
B018,P01728,50.51,M03,Afternoon
B018,P01729,49.14,M02,Afternoon
B018,P01730,50.11,M03,Night
B018,P01731,51.31,M04,Afternoon
B018,P01732,51.0,M04,Night
B018,P01733,51.67,M03,Morning
B018,P01734,50.37,M04,Morning
B018,P01735,49.38,M01,Morning
B018,P01736,51.15,M04,Afternoon
B018,P01737,50.34,M04,Night
B018,P01738,50.9,M02,Night
B018,P01739,51.82,M04,Afternoon
B018,P01740,50.6,M02,Night
B018,P01741,48.89,M03,Morning
B018,P01742,49.4,M03,Morning
B018,P01743,50.65,M04,Afternoon
B018,P01744,48.82,M01,Night
B018,P01745,48.72,M04,Afternoon
B018,P01746,47.58,M03,Afternoon
B018,P01747,47.95,M04,Morning
B018,P01748,47.97,M03,Morning
B018,P01749,49.47,M04,Afternoon
B018,P01750,49.81,M03,Morning
B018,P01751,50.78,M02,Night
B018,P01752,50.16,M01,Afternoon
B018,P01753,52.04,M02,Morning
B018,P01754,52.47,M02,Night
B018,P01755,49.76,M04,Morning
B018,P01756,49.14,M02,Morning
B018,P01757,48.91,M04,Night
B018,P01758,50.43,M03,Afternoon
B018,P01759,49.27,M02,Morning
B018,P01760,48.87,M04,Night
B018,P01761,48.29,M03,Night
B018,P01762,50.45,M04,Morning
B018,P01763,49.83,M04,Night
B018,P01764,48.72,M04,Morning
B018,P01765,51.44,M01,Night
B018,P01766,50.68,M02,Afternoon
B018,P01767,50.91,M03,Afternoon
B018,P01768,50.82,M02,Afternoon
B018,P01769,50.67,M01,Night
B018,P01770,49.12,M04,Afternoon
B018,P01771,50.08,M03,Morning
B018,P01772,49.71,M02,Night
B018,P01773,50.03,M03,Morning
B018,P01774,48.23,M01,Night
B018,P01775,49.64,M02,Night
B018,P01776,49.42,M03,Night
B018,P01777,48.05,M03,Afternoon
B018,P01778,49.36,M01,Night
B018,P01779,47.95,M03,Afternoon
B018,P01780,49.78,M04,Morning
B018,P01781,50.23,M02,Morning
B018,P01782,50.48,M03,Morning
B018,P01783,50.67,M01,Night
B018,P01784,49.13,M03,Night
B018,P01785,48.05,M03,Morning
B018,P01786,50.45,M04,Morning
B018,P01787,49.77,M03,Morning
B018,P01788,52.21,M02,Night
B018,P01789,49.47,M03,Afternoon
B018,P01790,48.63,M03,Night
B018,P01791,49.03,M03,Afternoon
B018,P01792,48.79,M02,Night
B018,P01793,49.31,M02,Morning
B018,P01794,48.85,M03,Night
B018,P01795,50.15,M01,Night
B018,P01796,49.12,M01,Night
B018,P01797,50.76,M04,Morning
B018,P01798,50.08,M01,Night
B018,P01799,52.12,M03,Night
B018,P01800,50.72,M01,Afternoon
B019,P01801,47.12,M03,Afternoon
B019,P01802,47.96,M02,Morning
B019,P01803,50.94,M01,Afternoon
B019,P01804,51.44,M04,Morning
B019,P01805,50.93,M03,Night
B019,P01806,51.11,M01,Afternoon
B019,P01807,49.98,M02,Morning
B019,P01808,49.0,M03,Night
B019,P01809,51.38,M01,Night
B019,P01810,49.13,M01,Morning
B019,P01811,50.16,M04,Afternoon
B019,P01812,50.69,M04,Night
B019,P01813,49.91,M02,Morning
B019,P01814,50.04,M02,Afternoon
B019,P01815,50.21,M03,Afternoon
B019,P01816,52.62,M02,Night
B019,P01817,52.01,M03,Night
B019,P01818,48.41,M03,Night
B019,P01819,51.03,M03,Night
B019,P01820,48.96,M02,Afternoon
B019,P01821,51.64,M01,Morning
B019,P01822,51.19,M02,Night
B019,P01823,50.74,M04,Afternoon
B019,P01824,49.47,M04,Night
B019,P01825,49.09,M01,Night
B019,P01826,50.35,M02,Morning
B019,P01827,50.37,M01,Afternoon
B019,P01828,51.04,M04,Afternoon
B019,P01829,50.19,M01,Afternoon
B019,P01830,50.11,M04,Night
B019,P01831,49.4,M04,Morning
B019,P01832,48.69,M04,Night
B019,P01833,47.4,M03,Night
B019,P01834,48.34,M03,Afternoon
B019,P01835,49.48,M03,Night
B019,P01836,48.11,M03,Night
B019,P01837,49.78,M01,Afternoon
B019,P01838,48.1,M04,Night
B019,P01839,51.04,M02,Night
B019,P01840,51.73,M03,Morning
B019,P01841,48.97,M02,Morning
B019,P01842,49.96,M01,Afternoon
B019,P01843,48.89,M01,Morning
B019,P01844,50.98,M02,Afternoon
B019,P01845,49.76,M01,Afternoon
B019,P01846,50.68,M02,Morning
B019,P01847,48.79,M03,Afternoon
B019,P01848,49.74,M03,Afternoon
B019,P01849,49.03,M04,Morning
B019,P01850,49.21,M03,Afternoon
B019,P01851,51.12,M01,Morning
B019,P01852,50.52,M02,Morning
B019,P01853,51.47,M03,Night
B019,P01854,49.07,M03,Morning
B019,P01855,49.31,M01,Afternoon
B019,P01856,49.15,M04,Night
B019,P01857,52.71,M02,Afternoon
B019,P01858,48.36,M01,Afternoon
B019,P01859,50.39,M02,Morning
B019,P01860,48.55,M04,Afternoon
B019,P01861,51.7,M04,Morning
B019,P01862,51.42,M01,Afternoon
B019,P01863,49.97,M04,Morning
B019,P01864,51.3,M04,Night
B019,P01865,50.88,M02,Night
B019,P01866,50.54,M02,Morning
B019,P01867,51.08,M02,Morning
B019,P01868,49.66,M04,Night
B019,P01869,49.83,M02,Morning
B019,P01870,48.36,M01,Afternoon
B019,P01871,49.16,M04,Morning
B019,P01872,51.4,M04,Night
B019,P01873,49.36,M03,Night
B019,P01874,49.41,M02,Night
B019,P01875,49.79,M01,Night
B019,P01876,49.89,M04,Night
B019,P01877,51.43,M01,Morning
B019,P01878,50.67,M03,Afternoon
B019,P01879,48.41,M03,Afternoon
B019,P01880,49.15,M03,Afternoon
B019,P01881,49.5,M04,Morning
B019,P01882,47.9,M03,Afternoon
B019,P01883,49.73,M03,Afternoon
B019,P01884,50.19,M04,Night
B019,P01885,49.34,M01,Night
B019,P01886,50.09,M03,Afternoon
B019,P01887,49.78,M04,Night
B019,P01888,50.16,M03,Afternoon
B019,P01889,49.65,M04,Night
B019,P01890,50.86,M01,Night
B019,P01891,48.92,M03,Afternoon
B019,P01892,50.61,M04,Afternoon
B019,P01893,48.24,M03,Afternoon
B019,P01894,51.48,M01,Afternoon
B019,P01895,48.84,M04,Night
B019,P01896,50.33,M02,Night
B019,P01897,49.58,M03,Afternoon
B019,P01898,49.94,M04,Morning
B019,P01899,51.18,M02,Night
B019,P01900,50.81,M04,Afternoon
B020,P01901,50.08,M03,Night
B020,P01902,48.73,M03,Afternoon
B020,P01903,50.02,M04,Night
B020,P01904,50.19,M04,Night
B020,P01905,51.03,M03,Morning
B020,P01906,50.0,M04,Night
B020,P01907,50.21,M01,Night
B020,P01908,51.78,M02,Night
B020,P01909,53.08,M04,Morning
B020,P01910,49.92,M03,Morning
B020,P01911,49.39,M04,Night
B020,P01912,50.48,M04,Afternoon
B020,P01913,48.66,M03,Morning
B020,P01914,49.79,M02,Afternoon
B020,P01915,49.68,M02,Afternoon
B020,P01916,49.35,M03,Night
B020,P01917,49.2,M02,Night
B020,P01918,48.6,M03,Morning
B020,P01919,49.37,M01,Afternoon
B020,P01920,51.72,M04,Afternoon
B020,P01921,50.33,M04,Morning
B020,P01922,47.99,M01,Afternoon
B020,P01923,49.69,M02,Afternoon
B020,P01924,50.05,M04,Morning
B020,P01925,49.82,M01,Afternoon
B020,P01926,49.53,M02,Morning
B020,P01927,50.11,M01,Afternoon
B020,P01928,51.41,M04,Morning
B020,P01929,50.52,M01,Morning
B020,P01930,50.65,M03,Morning
B020,P01931,51.56,M04,Afternoon
B020,P01932,50.96,M01,Night
B020,P01933,51.34,M01,Morning
B020,P01934,47.67,M01,Morning
B020,P01935,50.45,M02,Morning
B020,P01936,49.17,M02,Afternoon
B020,P01937,50.48,M02,Afternoon
B020,P01938,49.65,M01,Night
B020,P01939,50.04,M01,Morning
B020,P01940,49.05,M02,Night
B020,P01941,51.35,M03,Night
B020,P01942,50.97,M01,Night
B020,P01943,49.79,M04,Afternoon
B020,P01944,49.85,M02,Afternoon
B020,P01945,51.6,M04,Morning
B020,P01946,49.46,M01,Morning
B020,P01947,50.12,M01,Night
B020,P01948,52.05,M03,Afternoon
B020,P01949,49.93,M03,Afternoon
B020,P01950,50.07,M04,Afternoon
B020,P01951,49.32,M02,Night
B020,P01952,50.99,M01,Afternoon
B020,P01953,50.35,M01,Afternoon
B020,P01954,49.62,M02,Morning
B020,P01955,47.89,M03,Night
B020,P01956,48.98,M03,Afternoon
B020,P01957,49.16,M04,Night
B020,P01958,48.69,M03,Night
B020,P01959,47.47,M03,Afternoon
B020,P01960,50.17,M03,Afternoon
B020,P01961,47.81,M02,Morning
B020,P01962,50.2,M02,Morning
B020,P01963,49.42,M03,Afternoon
B020,P01964,49.61,M01,Afternoon
B020,P01965,50.86,M02,Night
B020,P01966,49.64,M02,Night
B020,P01967,50.32,M04,Night
B020,P01968,51.56,M01,Morning
B020,P01969,50.3,M03,Morning
B020,P01970,49.61,M04,Night
B020,P01971,50.01,M01,Afternoon
B020,P01972,49.61,M01,Afternoon
B020,P01973,50.16,M04,Night
B020,P01974,50.39,M04,Night
B020,P01975,52.86,M02,Afternoon
B020,P01976,48.78,M02,Afternoon
B020,P01977,51.81,M02,Morning
B020,P01978,50.06,M02,Morning
B020,P01979,50.3,M04,Morning
B020,P01980,48.87,M02,Night
B020,P01981,49.7,M02,Afternoon
B020,P01982,50.19,M02,Morning
B020,P01983,49.44,M03,Night
B020,P01984,50.09,M03,Morning
B020,P01985,49.12,M03,Night
B020,P01986,49.92,M03,Afternoon
B020,P01987,51.48,M03,Afternoon
B020,P01988,49.45,M03,Night
B020,P01989,51.86,M01,Afternoon
B020,P01990,46.62,M03,Night
B020,P01991,48.8,M02,Night
B020,P01992,48.77,M04,Afternoon
B020,P01993,49.96,M03,Afternoon
B020,P01994,48.8,M04,Morning
B020,P01995,50.85,M02,Morning
B020,P01996,49.51,M03,Afternoon
B020,P01997,51.53,M03,Morning
B020,P01998,50.29,M04,Morning
B020,P01999,47.46,M04,Afternoon
B020,P02000,46.84,M03,Afternoon